1,14,"818","819","822",2468,"N,15,0,"N,"N,"N,7,31.500,"自动生成","2021-04-13 00:00:00","N,"N,"N,0,"7E7E2156A1030000000000330469075506430220024904020020001700300000300315120000000600000080008E897F7F","2021-04-13 00:00:00","N,8944,2494,0.000,"N
2,14,"818","819","822",2468,"N,15,"N,"N,"N,"N,3,30.000,"自动生成","2021-04-13 00:00:00","N,"N,"N,0,"7E7E2156A1030000000000330469075506430220024904020020001700300000300315120000000600000080008E897F7F","2021-04-13 00:00:00","N,8943,2494,"N,"N
3,14,"818","819","822",2468,"N,15,1,"N,"N,"N,2,4.020,"自动生成","2021-04-13 00:00:00","N,"N,"N,0,"7E7E2156A1030000000000330469075506430220024904020020001700300000300315120000000600000080008E897F7F","2021-04-13 00:00:00","N,8942,2494,0.000,"N
4,14,"818","819","822",2468,"N,15,"N,"N,"N,"N,1,2.490,"自动生成","2021-04-13 00:00:00","N,"N,"N,0,"7E7E2156A1030000000000330469075506430220024904020020001700300000300315120000000600000080008E897F7F","2021-04-13 00:00:00","N,8941,2494,"N,"N
5,14,"818","819","822",2468,"N,15,"N,"N,"N,"N,0,2.200,"自动生成","2021-04-13 00:00:00","N,"N,"N,0,"7E7E2156A1030000000000330469075506430220024904020020001700300000300315120000000600000080008E897F7F","2021-04-13 00:00:00","N,8940,2494,"N,"N
6,14,"818","819","822",2468,"N,15,0,"N,"N,"N,7,31.500,"自动生成","2021-04-13 00:00:00","N,"N,"N,0,"7E7E2156A1030000000000330469075506430220024904020020001700300000300315120000000600000080008E897F7F","2021-04-13 00:00:00","N,8944,2494,0.000,"N
7,14,"818","819","822",2468,"N,15,0,"N,"N,"N,7,31.500,"自动生成","2021-04-13 00:00:00","N,"N,"N,0,"7E7E2156A1030000000000330469075506430220024904020020001700300000300315120000000600000080008E897F7F","2021-04-13 00:00:00","N,8944,2494,0.000,"N
8,14,"818","819","822",2468,"N,15,"N,"N,"N,"N,3,30.000,"自动生成","2021-04-13 00:00:00","N,"N,"N,0,"7E7E2156A1030000000000330469075506430220024904020020001700300000300315120000000600000080008E897F7F","2021-04-13 00:00:00","N,8943,2494,"N,"N
9,14,"818","819","822",2468,"N,15,1,"N,"N,"N,2,4.020,"自动生成","2021-04-13 00:00:00","N,"N,"N,0,"7E7E2156A1030000000000330469075506430220024904020020001700300000300315120000000600000080008E897F7F","2021-04-13 00:00:00","N,8942,2494,0.000,"N
10,14,"818","819","822",2468,"N,15,"N,"N,"N,"N,1,2.490,"自动生成","2021-04-13 00:00:00","N,"N,"N,0,"7E7E2156A1030000000000330469075506430220024904020020001700300000300315120000000600000080008E897F7F","2021-04-13 00:00:00","N,8941,2494,"N,"N
11,14,"818","819","822",2468,"N,15,"N,"N,"N,"N,0,2.200,"自动生成","2021-04-13 00:00:00","N,"N,"N,0,"7E7E2156A1030000000000330469075506430220024904020020001700300000300315120000000600000080008E897F7F","2021-04-13 00:00:00","N,8940,2494,"N,"N
12,14,"818","819","822",2468,"N,15,"N,"N,"N,"N,3,30.000,"自动生成","2021-04-13 00:00:00","N,"N,"N,0,"7E7E2156A1030000000000330469075506430220024904020020001700300000300315120000000600000080008E897F7F","2021-04-13 00:00:00","N,8943,2494,"N,"N
13,14,"818","819","822",2468,"N,15,1,"N,"N,"N,2,4.020,"自动生成","2021-04-13 00:00:00","N,"N,"N,0,"7E7E2156A1030000000000330469075506430220024904020020001700300000300315120000000600000080008E897F7F","2021-04-13 00:00:00","N,8942,2494,0.000,"N
14,14,"818","819","822",2468,"N,15,"N,"N,"N,"N,1,2.490,"自动生成","2021-04-13 00:00:00","N,"N,"N,0,"7E7E2156A1030000000000330469075506430220024904020020001700300000300315120000000600000080008E897F7F","2021-04-13 00:00:00","N,8941,2494,"N,"N
15,14,"818","819","822",2468,"N,15,"N,"N,"N,"N,0,2.200,"自动生成","2021-04-13 00:00:00","N,"N,"N,0,"7E7E2156A1030000000000330469075506430220024904020020001700300000300315120000000600000080008E897F7F","2021-04-13 00:00:00","N,8940,2494,"N,"N
16,14,"709","854","855",1722,14,10,2,"N,"N,"N,"N,"N,"N,"2021-04-13 00:00:01","N,"N,"opcUa获取值失败",0,"N,"2021-04-13 00:00:00","N,"N,1748,"N,"N
17,14,"709","854","856",1740,14,10,2,"N,"N,"N,"N,"N,"N,"2021-04-13 00:00:01","N,"N,"opcUa获取值失败",0,"N,"2021-04-13 00:00:00","N,"N,1766,"N,"N
18,14,"709","854","856",1748,14,10,2,"N,"N,"N,"N,"N,"N,"2021-04-13 00:00:01","N,"N,"opcUa获取值失败",0,"N,"2021-04-13 00:00:00","N,"N,1774,"N,"N
19,14,"709","854","856",1723,14,10,2,"N,"N,"N,"N,"N,"N,"2021-04-13 00:00:01","N,"N,"opcUa获取值失败",0,"N,"2021-04-13 00:00:00","N,"N,1749,"N,"N
20,14,"709","854","1010",1741,14,10,2,"N,"N,"N,"N,"N,"N,"2021-04-13 00:00:01","N,"N,"opcUa获取值失败",0,"N,"2021-04-13 00:00:00","N,"N,1767,"N,"N
21,14,"709","854","1010",1749,14,10,2,"N,"N,"N,"N,"N,"N,"2021-04-13 00:00:01","N,"N,"opcUa获取值失败",0,"N,"2021-04-13 00:00:00","N,"N,1775,"N,"N
22,14,"709","854","1010",1724,14,10,2,"N,"N,"N,"N,"N,"N,"2021-04-13 00:00:01","N,"N,"opcUa获取值失败",0,"N,"2021-04-13 00:00:00","N,"N,1750,"N,"N
23,14,"709","854","1024",1742,14,10,2,"N,"N,"N,"N,"N,"N,"2021-04-13 00:00:01","N,"N,"opcUa获取值失败",0,"N,"2021-04-13 00:00:00","N,"N,1768,"N,"N
24,14,"709","854","1024",1750,14,10,2,"N,"N,"N,"N,"N,"N,"2021-04-13 00:00:01","N,"N,"opcUa获取值失败",0,"N,"2021-04-13 00:00:00","N,"N,1776,"N,"N
25,14,"709","854","1011",1743,14,10,2,"N,"N,"N,"N,"N,"N,"2021-04-13 00:00:01","N,"N,"opcUa获取值失败",0,"N,"2021-04-13 00:00:00","N,"N,1769,"N,"N
26,14,"709","854","1011",1751,14,10,2,"N,"N,"N,"N,"N,"N,"2021-04-13 00:00:01","N,"N,"opcUa获取值失败",0,"N,"2021-04-13 00:00:00","N,"N,1777,"N,"N
27,14,"709","854","1011",1725,14,10,2,"N,"N,"N,"N,"N,"N,"2021-04-13 00:00:01","N,"N,"opcUa获取值失败",0,"N,"2021-04-13 00:00:00","N,"N,1751,"N,"N
28,14,"709","854","1012",1726,14,10,2,"N,"N,"N,"N,"N,"N,"2021-04-13 00:00:01","N,"N,"opcUa获取值失败",0,"N,"2021-04-13 00:00:00","N,"N,1752,"N,"N
29,14,"709","854","858",1783,14,10,2,"N,"N,"N,"N,"N,"N,"2021-04-13 00:00:01","N,"N,"opcUa获取值失败",0,"N,"2021-04-13 00:00:00","N,"N,1809,"N,"N
30,14,"709","854","858",1785,14,10,2,"N,"N,"N,"N,"N,"N,"2021-04-13 00:00:01","N,"N,"opcUa获取值失败",0,"N,"2021-04-13 00:00:00","N,"N,1811,"N,"N
31,14,"709","854","858",1756,14,10,2,"N,"N,"N,"N,"N,"N,"2021-04-13 00:00:01","N,"N,"opcUa获取值失败",0,"N,"2021-04-13 00:00:00","N,"N,1782,"N,"N
32,14,"736","742","1152",2247,"N,12,0,"N,"N,"N,7,21.600,"自动生成","2021-04-13 00:00:02","N,"N,"N,0,"7E7E1176A10300000000003300310040002400310101004800050022000900006702160354000006000000800079837F7F","2021-04-13 00:10:01","N,8009,2273,0.000,"N
33,14,"736","742","1152",2247,"N,12,"N,"N,"N,"N,3,67.000,"自动生成","2021-04-13 00:00:02","N,"N,"N,0,"7E7E1176A10300000000003300310040002400310101004800050022000900006702160354000006000000800079837F7F","2021-04-13 00:10:01","N,8008,2273,"N,"N
34,14,"736","742","1152",2247,"N,12,0,"N,"N,"N,2,0.480,"自动生成","2021-04-13 00:00:02","N,"N,"N,0,"7E7E1176A10300000000003300310040002400310101004800050022000900006702160354000006000000800079837F7F","2021-04-13 00:10:01","N,8007,2273,0.000,"N
35,14,"736","742","1152",2247,"N,12,"N,"N,"N,"N,1,1.010,"自动生成","2021-04-13 00:00:02","N,"N,"N,0,"7E7E1176A10300000000003300310040002400310101004800050022000900006702160354000006000000800079837F7F","2021-04-13 00:10:01","N,8006,2273,"N,"N
36,14,"736","742","1152",2247,"N,12,"N,"N,"N,"N,0,0.310,"自动生成","2021-04-13 00:00:02","N,"N,"N,0,"7E7E1176A10300000000003300310040002400310101004800050022000900006702160354000006000000800079837F7F","2021-04-13 00:10:01","N,8005,2273,"N,"N
37,14,"736","742","1089",2241,"N,12,0,"N,"N,"N,7,23.000,"自动生成","2021-04-13 00:00:02","N,"N,"N,0,"7E7E1135A103000000000033008001000084023001750103005000330020000074023003510000060000008000040C7F7F","2021-04-13 00:10:01","N,7844,2267,0.000,"N
38,14,"736","742","1089",2241,"N,12,"N,"N,"N,"N,3,74.000,"自动生成","2021-04-13 00:00:02","N,"N,"N,0,"7E7E1135A103000000000033008001000084023001750103005000330020000074023003510000060000008000040C7F7F","2021-04-13 00:10:01","N,7843,2267,"N,"N
39,14,"736","742","1089",2241,"N,12,0,"N,"N,"N,2,1.030,"自动生成","2021-04-13 00:00:02","N,"N,"N,0,"7E7E1135A103000000000033008001000084023001750103005000330020000074023003510000060000008000040C7F7F","2021-04-13 00:10:01","N,7842,2267,0.000,"N
40,14,"736","742","1089",2241,"N,12,"N,"N,"N,"N,1,1.750,"自动生成","2021-04-13 00:00:02","N,"N,"N,0,"7E7E1135A103000000000033008001000084023001750103005000330020000074023003510000060000008000040C7F7F","2021-04-13 00:10:01","N,7841,2267,"N,"N
41,14,"736","742","1089",2241,"N,12,"N,"N,"N,"N,0,2.300,"自动生成","2021-04-13 00:00:02","N,"N,"N,0,"7E7E1135A103000000000033008001000084023001750103005000330020000074023003510000060000008000040C7F7F","2021-04-13 00:10:01","N,7840,2267,"N,"N
42,14,"736","768","787",2299,"N,12,0,"N,"N,"N,7,28.600,"自动生成","2021-04-13 00:00:04","N,"N,"N,0,"7E7E2005A103000000000033005600350098002300230020000200040003000030028612000000060000008000A4FF7F7F","2021-04-13 00:10:01","N,8229,2325,0.000,"N
43,14,"736","768","787",2299,"N,12,"N,"N,"N,"N,3,30.000,"自动生成","2021-04-13 00:00:04","N,"N,"N,0,"7E7E2005A103000000000033005600350098002300230020000200040003000030028612000000060000008000A4FF7F7F","2021-04-13 00:10:01","N,8228,2325,"N,"N
44,14,"736","768","787",2299,"N,12,0,"N,"N,"N,2,0.200,"自动生成","2021-04-13 00:00:04","N,"N,"N,0,"7E7E2005A103000000000033005600350098002300230020000200040003000030028612000000060000008000A4FF7F7F","2021-04-13 00:10:01","N,8227,2325,0.000,"N
45,14,"736","768","787",2299,"N,12,"N,"N,"N,"N,1,0.230,"自动生成","2021-04-13 00:00:04","N,"N,"N,0,"7E7E2005A103000000000033005600350098002300230020000200040003000030028612000000060000008000A4FF7F7F","2021-04-13 00:10:01","N,8226,2325,"N,"N
46,14,"736","768","787",2299,"N,12,"N,"N,"N,"N,0,0.230,"自动生成","2021-04-13 00:00:04","N,"N,"N,0,"7E7E2005A103000000000033005600350098002300230020000200040003000030028612000000060000008000A4FF7F7F","2021-04-13 00:10:01","N,8225,2325,"N,"N
47,14,"714","1027","1040",2187,"N,11,0,"N,"N,"N,7,22.200,"自动生成","2021-04-13 00:00:04","N,"N,"N,0,"7E7E1174A1030000000000330000000000000000000000000000000000000000690222036000000600000080009FFE7F7F","2021-04-13 00:10:01","N,7494,2213,0.000,"N
48,14,"714","1027","1040",2187,"N,11,"N,"N,"N,"N,3,69.000,"自动生成","2021-04-13 00:00:04","N,"N,"N,0,"7E7E1174A1030000000000330000000000000000000000000000000000000000690222036000000600000080009FFE7F7F","2021-04-13 00:10:01","N,7493,2213,"N,"N
49,14,"714","1027","1040",2187,"N,11,0,"N,"N,"N,2,0.000,"自动生成","2021-04-13 00:00:04","N,"N,"N,0,"7E7E1174A1030000000000330000000000000000000000000000000000000000690222036000000600000080009FFE7F7F","2021-04-13 00:10:01","N,7492,2213,0.000,"N
50,14,"714","1027","1040",2187,"N,11,"N,"N,"N,"N,1,0.000,"自动生成","2021-04-13 00:00:04","N,"N,"N,0,"7E7E1174A1030000000000330000000000000000000000000000000000000000690222036000000600000080009FFE7F7F","2021-04-13 00:10:01","N,7491,2213,"N,"N
51,14,"714","1027","1040",2187,"N,11,"N,"N,"N,"N,0,0.000,"自动生成","2021-04-13 00:00:04","N,"N,"N,0,"7E7E1174A1030000000000330000000000000000000000000000000000000000690222036000000600000080009FFE7F7F","2021-04-13 00:10:01","N,7490,2213,"N,"N
52,14,"812","1119","1131",2442,"N,14,0,"N,"N,"N,7,31.400,"自动生成","2021-04-13 00:00:04","N,"N,"N,0,"7E7E1051A10300000000003301450160007601230103010400160011002100008403140355000006000000800032FD7F7F","2021-04-13 00:10:01","N,8909,2468,0.000,"N
53,14,"812","1119","1131",2442,"N,14,"N,"N,"N,"N,3,84.000,"自动生成","2021-04-13 00:00:04","N,"N,"N,0,"7E7E1051A10300000000003301450160007601230103010400160011002100008403140355000006000000800032FD7F7F","2021-04-13 00:10:01","N,8908,2468,"N,"N
54,14,"812","1119","1131",2442,"N,14,0,"N,"N,"N,2,1.040,"自动生成","2021-04-13 00:00:04","N,"N,"N,0,"7E7E1051A10300000000003301450160007601230103010400160011002100008403140355000006000000800032FD7F7F","2021-04-13 00:10:01","N,8907,2468,0.000,"N
55,14,"812","1119","1131",2442,"N,14,"N,"N,"N,"N,1,1.030,"自动生成","2021-04-13 00:00:04","N,"N,"N,0,"7E7E1051A10300000000003301450160007601230103010400160011002100008403140355000006000000800032FD7F7F","2021-04-13 00:10:01","N,8906,2468,"N,"N
56,14,"812","1119","1131",2442,"N,14,"N,"N,"N,"N,0,1.230,"自动生成","2021-04-13 00:00:04","N,"N,"N,0,"7E7E1051A10300000000003301450160007601230103010400160011002100008403140355000006000000800032FD7F7F","2021-04-13 00:10:01","N,8905,2468,"N,"N
57,14,"818","819","822",2468,"N,15,0,"N,"N,"N,7,31.500,"自动生成","2021-04-13 00:00:05","N,"N,"N,0,"7E7E2156A1030000000000330469075506430220024904020020001700300000300315120000000600000080008E897F7F","2021-04-13 00:10:01","N,8944,2494,0.000,"N
58,14,"818","819","822",2468,"N,15,"N,"N,"N,"N,3,30.000,"自动生成","2021-04-13 00:00:05","N,"N,"N,0,"7E7E2156A1030000000000330469075506430220024904020020001700300000300315120000000600000080008E897F7F","2021-04-13 00:10:01","N,8943,2494,"N,"N
59,14,"818","819","822",2468,"N,15,1,"N,"N,"N,2,4.020,"自动生成","2021-04-13 00:00:05","N,"N,"N,0,"7E7E2156A1030000000000330469075506430220024904020020001700300000300315120000000600000080008E897F7F","2021-04-13 00:10:01","N,8942,2494,0.000,"N
60,14,"818","819","822",2468,"N,15,"N,"N,"N,"N,1,2.490,"自动生成","2021-04-13 00:00:05","N,"N,"N,0,"7E7E2156A1030000000000330469075506430220024904020020001700300000300315120000000600000080008E897F7F","2021-04-13 00:10:01","N,8941,2494,"N,"N
61,14,"818","819","822",2468,"N,15,"N,"N,"N,"N,0,2.200,"自动生成","2021-04-13 00:00:05","N,"N,"N,0,"7E7E2156A1030000000000330469075506430220024904020020001700300000300315120000000600000080008E897F7F","2021-04-13 00:10:01","N,8940,2494,"N,"N
62,14,"709","710","712",2100,"N,10,0,"N,"N,"N,7,20.100,"自动生成","2021-04-13 00:00:06","N,"N,"N,0,"7E7E2175A103000000000033000000000000000000000000000000000000000030020112000000060000008000F6F27F7F","2021-04-13 00:10:01","N,7454,2126,0.000,"N
63,14,"709","710","712",2100,"N,10,"N,"N,"N,"N,3,30.000,"自动生成","2021-04-13 00:00:06","N,"N,"N,0,"7E7E2175A103000000000033000000000000000000000000000000000000000030020112000000060000008000F6F27F7F","2021-04-13 00:10:01","N,7453,2126,"N,"N
64,14,"709","710","712",2100,"N,10,0,"N,"N,"N,2,0.000,"自动生成","2021-04-13 00:00:06","N,"N,"N,0,"7E7E2175A103000000000033000000000000000000000000000000000000000030020112000000060000008000F6F27F7F","2021-04-13 00:10:01","N,7452,2126,0.000,"N
65,14,"709","710","712",2100,"N,10,0,"N,"N,"N,1,0.000,"自动生成","2021-04-13 00:00:06","N,"N,"N,0,"7E7E2175A103000000000033000000000000000000000000000000000000000030020112000000060000008000F6F27F7F","2021-04-13 00:10:01","N,7451,2126,0.000,"N
66,14,"709","710","712",2100,"N,10,0,"N,"N,"N,0,0.000,"自动生成","2021-04-13 00:00:06","N,"N,"N,0,"7E7E2175A103000000000033000000000000000000000000000000000000000030020112000000060000008000F6F27F7F","2021-04-13 00:10:01","N,7450,2126,0.000,"N
67,14,"818","819","820",2465,"N,15,0,"N,"N,"N,7,36.100,"自动生成","2021-04-13 00:00:06","N,"N,"N,0,"7E7E2182A10300000000003304940310067501310191015000130020001700009703611200000006000000800040637F7F","2021-04-13 00:10:01","N,9019,2491,0.000,"N
68,14,"818","819","820",2465,"N,15,"N,"N,"N,"N,3,97.000,"自动生成","2021-04-13 00:00:06","N,"N,"N,0,"7E7E2182A10300000000003304940310067501310191015000130020001700009703611200000006000000800040637F7F","2021-04-13 00:10:01","N,9018,2491,"N,"N
69,14,"818","819","820",2465,"N,15,0,"N,"N,"N,2,1.500,"自动生成","2021-04-13 00:00:06","N,"N,"N,0,"7E7E2182A10300000000003304940310067501310191015000130020001700009703611200000006000000800040637F7F","2021-04-13 00:10:01","N,9017,2491,0.000,"N
70,14,"818","819","820",2465,"N,15,"N,"N,"N,"N,1,1.910,"自动生成","2021-04-13 00:00:06","N,"N,"N,0,"7E7E2182A10300000000003304940310067501310191015000130020001700009703611200000006000000800040637F7F","2021-04-13 00:10:01","N,9016,2491,"N,"N
71,14,"818","819","820",2465,"N,15,"N,"N,"N,"N,0,1.310,"自动生成","2021-04-13 00:00:06","N,"N,"N,0,"7E7E2182A10300000000003304940310067501310191015000130020001700009703611200000006000000800040637F7F","2021-04-13 00:10:01","N,9015,2491,"N,"N
72,14,"736","768","788",2302,"N,12,0,"N,"N,"N,7,28.900,"自动生成","2021-04-13 00:00:07","N,"N,"N,0,"7E7E2124A103000000000033000000000000000000000000000000000000000030028912000000060000008000061D7F7F","2021-04-13 00:10:01","N,8144,2328,0.000,"N
73,14,"736","768","788",2302,"N,12,"N,"N,"N,"N,3,30.000,"自动生成","2021-04-13 00:00:07","N,"N,"N,0,"7E7E2124A103000000000033000000000000000000000000000000000000000030028912000000060000008000061D7F7F","2021-04-13 00:10:01","N,8143,2328,"N,"N
74,14,"736","768","788",2302,"N,12,0,"N,"N,"N,2,0.000,"自动生成","2021-04-13 00:00:07","N,"N,"N,0,"7E7E2124A103000000000033000000000000000000000000000000000000000030028912000000060000008000061D7F7F","2021-04-13 00:10:01","N,8142,2328,0.000,"N
75,14,"736","768","788",2302,"N,12,"N,"N,"N,"N,1,0.000,"自动生成","2021-04-13 00:00:07","N,"N,"N,0,"7E7E2124A103000000000033000000000000000000000000000000000000000030028912000000060000008000061D7F7F","2021-04-13 00:10:01","N,8141,2328,"N,"N
76,14,"736","768","788",2302,"N,12,"N,"N,"N,"N,0,0.000,"自动生成","2021-04-13 00:00:07","N,"N,"N,0,"7E7E2124A103000000000033000000000000000000000000000000000000000030028912000000060000008000061D7F7F","2021-04-13 00:10:01","N,8140,2328,"N,"N
77,14,"714","753","754",2555,14,18,0,"N,"N,"N,4,0.000,"自动生成","2021-04-13 00:00:08","N,"N,"N,0,"00000001000400000000000200010000000000010002000000000000000100000000000500030000000100000001000000000002000000000000000000000002000000000000000000000001000000020000000000000000000000000000000000000003000000000000000000010002000000000000000000020002000000020002000000000000000400000000000000000000000000000000000000010000000000020001000000000000000000000000000000000000000600000000000000000000000000000000000200000000000000050002000000000000000000020001000000000002000200050004000000000001000200010000000000020000000000010000000000110000000000000000000100000000000100000004000400000002000200000001000000010000000000000000000600000000000000010000000000000000000000030000000100000000000000010000000100000000000000000001000000010000000000000001000000020000000000000001000000000016000000000000000000000003000100000000000000030001000400000000000300000000000100000000000000010000000000000000000100000001000200000000000000000002000000000000000000000002000000000001000200000000000000000000000000000000000D0000000000030001000000000000000000000000000000010000000300000005000000020000000300010000000200000000000100020002000100000000001800000000000000000000000000000000000100000000000100000000000000020000000000000000000000000000000000030000000000000000000000000000000000000003000000000001000200040000000200000001000100000002000100020003000000000000000000000000000000000000000000030000001400000011000100000001000000010000000000000002000000000005000000040000000000030000000000000000000000000000000100020000000000000001000000000000000300010000000000020000000000000000000000000000000200040000000000000004000100000000000100000001000100010000000300010000000000000000000000000000000000000000000500000000000000000000000000000000000000000001000700000000000000010000000000030000000000000002000100020000000200000000000100020000000300000001000000020000000000000000000000000000000000000001000000000002000000010000000000000000000000020000000200010000000000000000000000050000000400000000000000010000000000000000000000010000000000000000000000000000000000010000000200000001000000000000000000000001000000000000000000000000000000000000000000000001000000000008000000010002000000020000000000010000000000000000000000000000000300000001000000000000000000000001000000020001000000030002000100000000000500000000000100010000000000000000000000000000000100000000000000000001000000000001000100000000000100000001000000020001000000000000000000000000000000010001000000020000000000000000000000000000000100000000000000010000000200000000000000000000000000000000000200000000000100000000000100000000000200000003000000000000000000000000000200000000000000020000000200000000000000000000000000000000000000000002000000000000000100000000000000000000000000000001000000000000000000000000000000000000000000020000000000000000000000000000000200030001000100000000000000000000000000010000000C0000000500000000000000010000000000010001000000000000000000000000000000020002000000000000000000000001000100020000000000000000000000000001000A000D0000000000000000000100010000000200000000000000000002000000000000000000030000000000000001000000000000000000000000000000000002000000020000000000000000000000010000000000000000000000000000000000000000000000000001000000000000000000000001000300000001000000000000000000000000000000000001000100000002000000000000000000000000000100000000000300010000000100000000000400020000000000000000000000000000000000000001000100010000000000000000000000000000000000000000000000000000000000000001000100000000000000010000000200000000000000000000000000010000000000000000000A00000001000000000000000000000000000000000000000000000000000000000002000000000001000000020000000000000002000000000002000000000000000000030000000000010000000300000000000000040000000000000000000100000000000000000001000000000008000000000000000100000000000100010002000100030000000100000001000000000001000B000000000000000400000000000000000000000000000000000100030001000100000000000000000000000400000000000000000000000100000000000000020000000000000013000000000000000000000001000100000002","2021-04-13 00:10:01",0,5882,2581,0.000,"N
78,14,"709","860","861",2643,14,18,0,"N,"N,"N,5,0.000,"自动生成","2021-04-13 00:00:08","N,"N,"N,0,"00000004000800030004000900040005000C00060001000A0004000500000001000500010000000300020001000300010000000200040002000200020006000600000002000700040005000B00000000000900070001000700050001000400020002000000000000000200000000000000000000000000000000000200010000000000000000000000000000000000000000000000000000000000000000000100000000000000000000000000000000000000000000000000000000000000000000000000000000000000000000000000000000000000000000000000000000000700000000000000000000000000000000000000000000000000000000000000000000000400000000000200000000000000000000000000000000000000000000000000000000000000000000000000000000000000000000000000000002000100000000000000000003000000030003000000010000000100060000000400010002000900060006000A000800060008000A00000006000900040004000500040004000500060005000000060003000500020005000400040001000500020004000400040000000200080008000600050007000600030007000300010002000600020003000200050009000100000005000000030001000100050000000300010002000500000006000800020005000D00000005000700060003000100040003000300000000000100000000000000000000000000000000000000000000000000000000000000000000000000000000000100000000000000000000000000000000000000000000000000000000000000000000000000000000000000000000000000000000000000000000000000000000000000000000000000000000000000000000000000000000000000000000000000000000000000000004000000000000000000000000000000000000000000000000000000000000000000000000000000000000000000000000000000000000000000000000000100010002000000000008000200000000000200030002000000030003000000020003000300010008000500040003000900070005000A000D00090008000000060007000500040004000300080005000500030004000800060007000C000500050004000500050004000400050007000900010007000600020002000200040006000200060004000000040000000100010003000300040002000000040003000300020004000400050003000400040008000000060009000A0005000900060002000800040000000300050000000000000000000000000000000000000003000000000000000000000000000000050000000000050000000000000000000000000000000000000000000000000000000000000000000000000000000000000000000000000000000000000000000000000000000000000000000000000000000000000000000000000000000000000000000000000000000000000000000000000000000000000000000000000000000000000000000000000000000000000000000000000000000000000000000000000000000000000000000000000000000000000001000000000003000200060001000000060001000100030001000400000001000300010000000400050002000800060008000900050008000B0002000300050007000800030006000500040008000600010005000800030005000600010006000200050003000000060000000400030007000500060004000A000700040000000900030000000500040000000200030002000100040002000200020003000600010002000000040003000700030003000B000400060005000A000600060004000800090000000100030000000000010002000000000000000000000000000000000001000000000000000000000000000000000000000100000000000000000000000000000000000000000000000000000000000000000000000000000000000000000000000000000000000000000000000000000000000000000000000000000000000000000000000000000000000000020000000000000000000000000000000000000000000000000000000000000000000000000000000000000000000000000000000000000000000000000000000000000000000000000000000000040000000000000001000000000000000000010000000200020000000300000000000200030001000600040003000500070006000700060006000B000400020009000600070005000700010005000000020006000100030004000900070006000200020005000000060002000400040004000300030005000800070000000C000900050005000500060001000000080000000100020004000400040003000000030004000300030002000400060005000500060006000700080001000800090008000200040005000200030001000200010001000000000001000000030000000000010000000000000000000000000000000000000000000000000000000000000000000000000000000000000000000000000000000000000000000000000000000000000000000000000000000000000000000000010000000000000000000000000000000000000000000000000000000000000000000000000000000000000000000000010000000000000000000000000000000000000000000000000000000000000000000000000000000000000000000000000005000200000000000B00000000000000000000000100000000","2021-04-13 00:10:01",0,6012,2669,0.000,"N
79,14,"818","819","824",2473,"N,15,0,"N,"N,"N,7,19.600,"自动生成","2021-04-13 00:00:11","N,"N,"N,0,"7E7E2179A103000000000033000000000000000000000000000000000000000030019612000000060000008000980D7F7F","2021-04-13 00:10:01","N,9044,2499,0.000,"N
80,14,"818","819","824",2473,"N,15,"N,"N,"N,"N,3,30.000,"自动生成","2021-04-13 00:00:11","N,"N,"N,0,"7E7E2179A103000000000033000000000000000000000000000000000000000030019612000000060000008000980D7F7F","2021-04-13 00:10:01","N,9043,2499,"N,"N
81,14,"818","819","824",2473,"N,15,0,"N,"N,"N,2,0.000,"自动生成","2021-04-13 00:00:11","N,"N,"N,0,"7E7E2179A103000000000033000000000000000000000000000000000000000030019612000000060000008000980D7F7F","2021-04-13 00:10:01","N,9042,2499,0.000,"N
82,14,"818","819","824",2473,"N,15,"N,"N,"N,"N,1,0.000,"自动生成","2021-04-13 00:00:11","N,"N,"N,0,"7E7E2179A103000000000033000000000000000000000000000000000000000030019612000000060000008000980D7F7F","2021-04-13 00:10:01","N,9041,2499,"N,"N
83,14,"818","819","824",2473,"N,15,"N,"N,"N,"N,0,0.000,"自动生成","2021-04-13 00:00:11","N,"N,"N,0,"7E7E2179A103000000000033000000000000000000000000000000000000000030019612000000060000008000980D7F7F","2021-04-13 00:10:01","N,9040,2499,"N,"N
84,14,"736","748","749",2335,"N,12,0,"N,"N,"N,7,27.900,"自动生成","2021-04-13 00:00:12","N,"N,"N,0,"7E7E2050A10300000000003300390040004000130016000900010003000200009702791200000006000000800021CF7F7F","2021-04-13 00:10:01","N,8459,2361,0.000,"N
85,14,"736","748","749",2335,"N,12,"N,"N,"N,"N,3,97.000,"自动生成","2021-04-13 00:00:12","N,"N,"N,0,"7E7E2050A10300000000003300390040004000130016000900010003000200009702791200000006000000800021CF7F7F","2021-04-13 00:10:01","N,8458,2361,"N,"N
86,14,"736","748","749",2335,"N,12,0,"N,"N,"N,2,0.090,"自动生成","2021-04-13 00:00:12","N,"N,"N,0,"7E7E2050A10300000000003300390040004000130016000900010003000200009702791200000006000000800021CF7F7F","2021-04-13 00:10:01","N,8457,2361,0.000,"N
87,14,"736","748","749",2335,"N,12,"N,"N,"N,"N,1,0.160,"自动生成","2021-04-13 00:00:12","N,"N,"N,0,"7E7E2050A10300000000003300390040004000130016000900010003000200009702791200000006000000800021CF7F7F","2021-04-13 00:10:01","N,8456,2361,"N,"N
88,14,"736","748","749",2335,"N,12,"N,"N,"N,"N,0,0.130,"自动生成","2021-04-13 00:00:12","N,"N,"N,0,"7E7E2050A10300000000003300390040004000130016000900010003000200009702791200000006000000800021CF7F7F","2021-04-13 00:10:01","N,8455,2361,"N,"N
89,14,"714","715","716",2170,"N,11,0,"N,"N,"N,7,22.100,"自动生成","2021-04-13 00:00:13","N,"N,"N,0,"7E7E2073A1030000000000330000000000000000000000000000000000000000300221035800000010000080004F9F7F7F","2021-04-13 00:10:01","N,7539,2196,0.000,"N
90,14,"714","715","716",2170,"N,11,"N,"N,"N,"N,3,30.000,"自动生成","2021-04-13 00:00:13","N,"N,"N,0,"7E7E2073A1030000000000330000000000000000000000000000000000000000300221035800000010000080004F9F7F7F","2021-04-13 00:10:01","N,7538,2196,"N,"N
91,14,"714","715","716",2170,"N,11,0,"N,"N,"N,2,0.000,"自动生成","2021-04-13 00:00:13","N,"N,"N,0,"7E7E2073A1030000000000330000000000000000000000000000000000000000300221035800000010000080004F9F7F7F","2021-04-13 00:10:01","N,7537,2196,0.000,"N
92,14,"714","715","716",2170,"N,11,"N,"N,"N,"N,1,0.000,"自动生成","2021-04-13 00:00:13","N,"N,"N,0,"7E7E2073A1030000000000330000000000000000000000000000000000000000300221035800000010000080004F9F7F7F","2021-04-13 00:10:01","N,7536,2196,"N,"N
93,14,"714","715","716",2170,"N,11,"N,"N,"N,"N,0,0.000,"自动生成","2021-04-13 00:00:13","N,"N,"N,0,"7E7E2073A1030000000000330000000000000000000000000000000000000000300221035800000010000080004F9F7F7F","2021-04-13 00:10:01","N,7535,2196,"N,"N
94,14,"812","1119","1185",2434,"N,14,0,"N,"N,"N,7,30.200,"自动生成","2021-04-13 00:00:14","N,"N,"N,0,"7E7E1059A1030000000000330238027901430284089901930038020000230000870302035400000600000080004A487F7F","2021-04-13 00:10:01","N,8879,2460,"N,"N
95,14,"812","1119","1185",2434,"N,14,"N,"N,"N,"N,3,87.000,"自动生成","2021-04-13 00:00:14","N,"N,"N,0,"7E7E1059A1030000000000330238027901430284089901930038020000230000870302035400000600000080004A487F7F","2021-04-13 00:10:01","N,8878,2460,"N,"N
96,14,"812","1119","1185",2434,"N,14,0,"N,"N,"N,2,1.930,"自动生成","2021-04-13 00:00:14","N,"N,"N,0,"7E7E1059A1030000000000330238027901430284089901930038020000230000870302035400000600000080004A487F7F","2021-04-13 00:10:01","N,8877,2460,"N,"N
97,14,"812","1119","1185",2434,"N,14,"N,"N,"N,"N,1,8.990,"自动生成","2021-04-13 00:00:14","N,"N,"N,0,"7E7E1059A1030000000000330238027901430284089901930038020000230000870302035400000600000080004A487F7F","2021-04-13 00:10:01","N,8876,2460,"N,"N
98,14,"812","1119","1185",2434,"N,14,"N,"N,"N,"N,0,2.840,"自动生成","2021-04-13 00:00:14","N,"N,"N,0,"7E7E1059A1030000000000330238027901430284089901930038020000230000870302035400000600000080004A487F7F","2021-04-13 00:10:01","N,8875,2460,"N,"N
99,14,"714","753","754",2556,14,18,0,"N,"N,"N,5,0.000,"自动生成","2021-04-13 00:00:16","N,"N,"N,0,"0000000000020002000000010000000000030000000000010004000000000000000000000001000000000002000200020003000000020001000000010001000400000000000000000003000000000002000000060000000000010001000000000000000100010002000000000000000000000000000100000000000000000000000100000000000000010002000000010003000000000000000000000002000000000001000300000001000000010000000000000002000100020000000100000001000000110000000100000001000000000002000200000000000100030001000100000001000000000000000300000001000000000001000000000002000000030002000000000000000100010000000000000000000000000000000000020000000000000000000000000000000400140000000000010000000000000000000800020002000200040000000100000000000000000002000000000000000000010000000000000000000000000000000000000000000000000000000000000000000000000000000000000000000000010000000000020000000300000000000100000000000200010002000200010000000000000000000000000000000000000001000200020000000100010000000200000000000000000002000100000000000000000001000000000001000300030000000000000001000000020000000000000003000000000000000600060000000200000000000100000001000100000000000000020000000000000000000000000000000000010000000600020000000100010000000000000000000100000000000000000000000000000000000400040002000300040000000000010000000000000003000000000000000000010000000200010000000000000002000000000000000000020002000100000002000000000002000000000000000000010003000300000004000000000002000000000000000100020000000000000000000000000003000200000000000200000001000000050000000000000000000100140000000000000000000000010000000100000002000000000000000000000001000000010000000000000001000000020004000000000000000000000000000000010000000200000000000000030000000000020001000000000000000100010001000000000002000000000001000200000000000100000001000300000000000000020000000000030000000000010000000000000000000000000000000000000004000000000000000000000000000000000000000000080000000100010000000100000001000200000000000100020000000000000000000000030000000000000000000000000000000000000000000000010000000300000001000000020000000000000000000000020000000000030000000000000000000100000000000000000004000100000000000000000001000200000000000000000002000000030000000000000000000000000000000000010000000000010001000000020000000000000002000000000000000100020000000000000002000200000000000000000000000300000002000000000001000000000000000000000005000000000000000200000001000000060000000000000000000000000000000000000000000000050001000000000000000100000000000400000000000000000000000000000000000000030000000000000000000100000000000000000000000200060000000000000000000100000000000000010004000000000000000000000000000200000000000200010004000100000000000000000000000000020000000000050000000000010000000100000000000000000001000000020000000000000000000000000001000400000000000000060000000100000001000100010000000000020002000100000000000000000000000100000002000100000002000100010001000000010000000000000006000000000000000000000000000000000000000100000000000000010000000100010001000000000001000300000002000100000001000000000000000200000000000300000000000300000000000000010000000000000005000000000000000000020001000000000000000000040002000000000000000000020000000000000002000000000000000300000000000000000000000000000001000000000002000100000000000000000001000000000002000000000000000100070000000000000002000200000000000200010000000000010000000000000000000000000000000000030000000100010000000000020000000000000003000100000002000000000000000100000000000200010005000400000008000000000000000100000001000000000002000000010000000000000000000000000000000000000001000000040000000000000000000000000000000000000001000000020000000100000000000000000000000300000004000000020000000000010001000000030000000000000000000600000000000000010000000000020000000000000000000000000004000000000000000000000000000000000001000000000000000000000000000000000000000000000000000000000000000000000000000000000000000100000000000000000000000000000000000000010000000000000000000100000000000000000002000200000000000100020000000000000002000000000004","2021-04-13 00:10:01",0,5883,2582,0.000,"N
100,14,"709","860","861",2642,14,18,0,"N,"N,"N,4,0.004,"自动生成","2021-04-13 00:00:20","N,"N,"N,0,"00070006000700070005000200010000000300010002000500000000000000000000000000000000000000000000000000000000000000000000000000000000000000000000000000000000000000000000000000000000000000000000000000000000000000000000000000000000000000000000000000000000000000000000000000000000000000000000000000000000000000000000000000000000000000000000000000000000000000000000000000000000000000000000000000000000000000000000000000000000000000000000000000000000000000000000000000000000000200050003000000010002000100010002000000000000000300020005000000000000000100000002000100020002000200040004000300080008000B000A000C000B0009000900080004000600050004000B00030000000200030004000400040006000900080006000600060005000B000B000A000B000B000B000E000E000D000F000D000D000F000E000E000A000B000A000900080007000700020005000600060009000B0009000A000800050007000700070007000500080007000C00080006000700060008000D00090007000400000000000200060001000500000000000000000000000100030000000000000000000000000000000000000000000000000000000000000000000000000000000000000000000000000000000000000000000000000000000000000000000000000000000000000000000000000000000000000000000000000000000000000000000000000000000000000000000000000000000000000000000000000000000000000000000000000000000000000000000000000000000000000000000000000000000000000000000000000000000000000000000400000000000000000002000100020004000200040004000700000001000000030000000300050002000000030003000000010004000200050005000B0009000A000700060001000300080004000A000500060003000400040007000A0002000600090005000600070008000A000900070007000B00080009000600050009000D0010000E000C0011000F000D000C000A000D000A000C000600080009000800040009000A00080006000600070009001000090009000B000A000800060006000600070000000200010005000600060000000000000000000000000000000000000000000000000000000000000000000000000000000000000000000000000000000000000000000000000000000000000000000000000000000000000000000000000000000000000000000000000000000000000000000000000000000000000000000000000000000000000000000000000000000000000000000000000000000000000000000000000000000000000000000000000000000000000000000100000000000000000000000000000000000000000000000000000000000000000004000000000000000100020004000500080003000000000004000400050006000400010004000400040004000300030006000600080004000500020006000400060007000A000900070009000600050003000300040004000100000004000300040005000400060000000500020009000A0008000C000C000D00100010000A000C000D000E000B0012000E000B000800070009000A0007000800090008000800090009000A000900040009000900060008000800060008000600060009000D000B0005000300020006000600030000000000000002000000000000000000000000000000000000000000000000000000000000000000000000000000000000000000000000000000000000000000000000000000000000000000000000000000000000000000000000000000000000000000000000000000000000000000000000000000000000000000000000000000000000000000000000000000000000000000000000000000000000000000000000000000000000000000000000000000000000000000000000000000000000000000000000000000000000000000000001000400020005000000000003000300000004000800030000000000000006000400010003000300060004000400000000000200000002000200030007000A0009000800090008000800020002000800060002000500060010000A0005000800060006000500060005000600050004000400080007000C000C000C000E0010000F000D000A000C000E000C00090008000B000A000C000C000A0008000C000A000700080008000700050007000500060003000600080008000800080008000700040006000400030003000400050007000800040003000200000000000000000000000000000000000100000000000000010000000000000000000000000000000000000000000000000000000000000000000000000000000000000000000000000000000000000008000000000000000000000000000000000000000000000000000000000000000000000000000000000000000000000000000000000000000000000000000000000000000000000000000000000000000000000000000000000000000000000000000000000000000000000000000000020000000000000000000000010000000000030004000300030002000500020008000300010002000300040002000400000004000400020000000000040003000500000007000A000F000A0009000600090009000500090009000500040002000800080004","2021-04-13 00:10:01",0,6011,2668,0.006,"N
101,14,"798","1097","1160",2346,"N,13,1,"N,"N,"N,7,30.100,"自动生成","2021-04-13 00:00:21","N,"N,"N,0,"7E7E1037A103000000000033000000000000000000000000000000000000000030030103580000060000008000B9CD7F7F","2021-04-13 00:10:01","N,8424,2372,0.000,"N
102,14,"798","1097","1160",2346,"N,13,"N,"N,"N,"N,3,30.000,"自动生成","2021-04-13 00:00:21","N,"N,"N,0,"7E7E1037A103000000000033000000000000000000000000000000000000000030030103580000060000008000B9CD7F7F","2021-04-13 00:10:01","N,8423,2372,"N,"N
103,14,"798","1097","1160",2346,"N,13,0,"N,"N,"N,2,0.000,"自动生成","2021-04-13 00:00:21","N,"N,"N,0,"7E7E1037A103000000000033000000000000000000000000000000000000000030030103580000060000008000B9CD7F7F","2021-04-13 00:10:01","N,8422,2372,0.000,"N
104,14,"798","1097","1160",2346,"N,13,"N,"N,"N,"N,1,0.000,"自动生成","2021-04-13 00:00:21","N,"N,"N,0,"7E7E1037A103000000000033000000000000000000000000000000000000000030030103580000060000008000B9CD7F7F","2021-04-13 00:10:01","N,8421,2372,"N,"N
105,14,"798","1097","1160",2346,"N,13,"N,"N,"N,"N,0,0.000,"自动生成","2021-04-13 00:00:21","N,"N,"N,0,"7E7E1037A103000000000033000000000000000000000000000000000000000030030103580000060000008000B9CD7F7F","2021-04-13 00:10:01","N,8420,2372,"N,"N
106,14,"736","742","1088",2236,"N,12,0,"N,"N,"N,7,23.600,"自动生成","2021-04-13 00:00:21","N,"N,"N,0,"7E7E1190A103000000000033021702210054014102390058002000380010000077023603540000060000008000D9FA7F7F","2021-04-13 00:10:01","N,7854,2262,0.000,"N
107,14,"736","742","1088",2236,"N,12,"N,"N,"N,"N,3,77.000,"自动生成","2021-04-13 00:00:21","N,"N,"N,0,"7E7E1190A103000000000033021702210054014102390058002000380010000077023603540000060000008000D9FA7F7F","2021-04-13 00:10:01","N,7853,2262,"N,"N
108,14,"736","742","1088",2236,"N,12,0,"N,"N,"N,2,0.580,"自动生成","2021-04-13 00:00:21","N,"N,"N,0,"7E7E1190A103000000000033021702210054014102390058002000380010000077023603540000060000008000D9FA7F7F","2021-04-13 00:10:01","N,7852,2262,0.000,"N
109,14,"736","742","1088",2236,"N,12,"N,"N,"N,"N,1,2.390,"自动生成","2021-04-13 00:00:21","N,"N,"N,0,"7E7E1190A103000000000033021702210054014102390058002000380010000077023603540000060000008000D9FA7F7F","2021-04-13 00:10:01","N,7851,2262,"N,"N
110,14,"736","742","1088",2236,"N,12,"N,"N,"N,"N,0,1.410,"自动生成","2021-04-13 00:00:21","N,"N,"N,0,"7E7E1190A103000000000033021702210054014102390058002000380010000077023603540000060000008000D9FA7F7F","2021-04-13 00:10:01","N,7850,2262,"N,"N
111,14,"827","828","830",2489,"N,16,0,"N,"N,"N,7,33.300,"自动生成","2021-04-13 00:00:22","N,"N,"N,0,"7E7E2012A1030000000000330023002300240012001300090001000200030000970333120000000600000080009A167F7F","2021-04-13 00:10:01","N,9099,2515,0.000,"N
112,14,"827","828","830",2489,"N,16,"N,"N,"N,"N,3,97.000,"自动生成","2021-04-13 00:00:22","N,"N,"N,0,"7E7E2012A1030000000000330023002300240012001300090001000200030000970333120000000600000080009A167F7F","2021-04-13 00:10:01","N,9098,2515,"N,"N
113,14,"827","828","830",2489,"N,16,0,"N,"N,"N,2,0.090,"自动生成","2021-04-13 00:00:22","N,"N,"N,0,"7E7E2012A1030000000000330023002300240012001300090001000200030000970333120000000600000080009A167F7F","2021-04-13 00:10:01","N,9097,2515,0.000,"N
114,14,"827","828","830",2489,"N,16,"N,"N,"N,"N,1,0.130,"自动生成","2021-04-13 00:00:22","N,"N,"N,0,"7E7E2012A1030000000000330023002300240012001300090001000200030000970333120000000600000080009A167F7F","2021-04-13 00:10:01","N,9096,2515,"N,"N
115,14,"827","828","830",2489,"N,16,"N,"N,"N,"N,0,0.120,"自动生成","2021-04-13 00:00:22","N,"N,"N,0,"7E7E2012A1030000000000330023002300240012001300090001000200030000970333120000000600000080009A167F7F","2021-04-13 00:10:01","N,9095,2515,"N,"N
116,14,"812","813","817",2461,"N,14,0,"N,"N,"N,7,21.700,"自动生成","2021-04-13 00:00:23","N,"N,"N,0,"7E7E2206A103000000000033005200420064006200580031000900090008000094021712000000060000008000248D7F7F","2021-04-13 00:10:01","N,9004,2487,"N,"N
117,14,"812","813","817",2461,"N,14,"N,"N,"N,"N,3,94.000,"自动生成","2021-04-13 00:00:23","N,"N,"N,0,"7E7E2206A103000000000033005200420064006200580031000900090008000094021712000000060000008000248D7F7F","2021-04-13 00:10:01","N,9003,2487,"N,"N